{"cameraMode":{"drawMode":0,"name":"Shaded","section":"Shading Mode"},"sceneLighting":true,"audioPlay":false,"sceneViewState":{"m_AlwaysRefresh":false,"showFog":true,"showSkybox":true,"showFlares":true,"showImageEffects":true,"showParticleSystems":true,"showVisualEffectGraphs":true,"m_FxEnabled":true},"in2DMode":false,"pivot":{"x":152.0691680908203,"y":210.37355041503907,"z":129.49539184570313},"rotation":{"x":0.018155233934521676,"y":-0.9665044546127319,"z":0.24608492851257325,"w":0.07146698236465454},"size":12.89948844909668,"orthographic":true}